mon, aug 21

	meet with goadrich 
	get into ai
	acquire ev
	acquire collar for pseudo

tue, aug 22

	ss
	ai
	psychiatrist zoom - emotional support animal plz

wed, aug 23

	alg - return surreal numbers
		  hw 1
	af  - don't go to this shit
	dt  - update website		  
		  
thu, aug 24

	ss  - 
	ai  - gpt math joke, markov chains

	write response email to piette and succint version for forum.	
	apply for the help desk

fri, aug 25
sat, aug 26
sun, aug 27
mon, aug 28
tue, aug 29

	ss  - DUE: PROPOSAL
	ai
	
wed, aug 30

X	alg - DUE: MODULE 0
X	dt  - DUE: GET MY CLOCKIFY WORKED OUT
			   DOWNLOAD AND EXAMINE GROUND TRUTH
			                        CADRONS TEARS
X									ARBORETUM
									ASSESSMENT
	
thu, aug 31
	
X	ss  - DUE: RESUME OR CV
X	ai  - DUE: PROJECT 1
	
fri, sep 1

X	alg - DUE: FIB WRITEUP

sat, sep 2
sun, sep 3
mon, sep 4

	ss - DUE: meet w goadrich bearing progress and questions; ask project proposal revision questions

tue, sep 5

	ss - revised project proposal & work plan due
	ai

wed, sep 6

	dt

thu, sep 7

	ss
	ai - DUE: PROJ2 

fri, sep 8

X	alg - DUE: GCD
	
sat, sep 9
sun, sep 10
mon, sep 11
tue, sep 12
wed, sep 13

    alg
	GOAD MEET

thu, sep 14

	ss - DUE: COVER LETTER
	ai - DUE: PROJECT 3
	
fri, sep 15
sat, sep 16
sun, sep 17
mon, sep 18
tue, sep 19
wed, sep 20
thu, sep 21
fri, sep 22
sat, sep 23
sun, sep 24
mon, sep 25
tue, sep 26
wed, sep 27
thu, sep 28
fri, sep 29
sat, sep 30
sun, oct 1
mon, oct 2
tue, oct 3
wed, oct 4
thu, oct 5
fri, oct 6
sat, oct 7
sun, oct 8
mon, oct 9
tue, oct 10
wed, oct 11
thu, oct 12
fri, oct 13
sat, oct 14
sun, oct 15
mon, oct 16
tue, oct 17
wed, oct 18
thu, oct 19
fri, oct 20
sat, oct 21
sun, oct 22
mon, oct 23
tue, oct 24
wed, oct 25
thu, oct 26
fri, oct 27
sat, oct 28
sun, oct 29
mon, oct 30
tue, oct 31
wed, nov 1
thu, nov 2
fri, nov 3
sat, nov 4
sun, nov 5
mon, nov 6
tue, nov 7
wed, nov 8
thu, nov 9
fri, nov 10
sat, nov 11
sun, nov 12
mon, nov 13
tue, nov 14
wed, nov 15
thu, nov 16
fri, nov 17
sat, nov 18
sun, nov 19
mon, nov 20
tue, nov 21
wed, nov 22
thu, nov 23
fri, nov 24
sat, nov 25
sun, nov 26
mon, nov 27
tue, nov 28
wed, nov 29
thu, nov 30
fri, dec 1
sat, dec 2
sun, dec 3
mon, dec 4
tue, dec 5
wed, dec 6
thu, dec 7
fri, dec 8
sat, dec 9
sun, dec 10
mon, dec 11
tue, dec 12
wed, dec 13
thu, dec 14
fri, dec 15
sat, dec 16
sun, dec 17
mon, dec 18
tue, dec 19
wed, dec 20
thu, dec 21
fri, dec 22
sat, dec 23
sun, dec 24
mon, dec 25
tue, dec 26
wed, dec 27
thu, dec 28
fri, dec 29
sat, dec 30
sun, dec 31